,Model,Accuracy,precision,recall,f1-score,support,TrainIters,LossFcn
0,LogisticRegression,0.5702776391631049,0.5662287587969861,0.5702776391631049,0.5600774281244723,138273.0,[0],
1,Perceptron,0.47190702450948485,0.45653809962875325,0.47190702450948485,0.45496988708654384,138273.0,11,perceptron
2,LinearSVC,0.5703354957222306,0.5662872535880198,0.5703354957222306,0.5598867715919607,138273.0,12,squared_hinge
3,SGDClassifier,0.5695399680342511,0.5655460744287035,0.5695399680342511,0.5549985711855502,138273.0,41,log_loss
4,DecisionTreeClassifier,0.6107699984812653,0.6107380053352678,0.6107699984812653,0.6107538176792431,138273.0,,
5,RandomForestClassifier,0.6519277082293723,0.6519326271096376,0.6519277082293723,0.6519301619094359,138273.0,,
6,HistGradientBoostingClassifier,0.6602011961843599,0.6599690696501006,0.6602011961843599,0.6600696727565298,138273.0,,log_loss
7,HistGradientBoostingClassifier,0.7144127920852227,0.7147235893799919,0.7144127920852227,0.7145386521527941,138273.0,,log_loss
